bug_id,proximity_class
Anki-Android-123451-real-createCustomStudySession,Nucleus
Anki-Android-273-real-onCollectionLoaded,Cluster
Anki-Android-273-real-onCreate,Cluster
WiFiAnalyzer-92-real-findMacAddresses,Nucleus
WiFiAnalyzer-92-real-findVendors-no-args,Nucleus
WiFiAnalyzer-92-real-findVendors-with-args,Nucleus
bug-1130-onFragmentLoaded-AllEpisodesFragment,Nucleus
bug-1130-onFragmentLoaded-QueueFragment,Nucleus
bug-1151-onCreate,Nucleus
bug-1151-onPreferenceChange,Nucleus
bug-1151-onResume,Nucleus
bug-1198-onClick-ViewFilesAdapter,Cluster
bug-1202-nextImg,Nucleus
bug-1202-onItemClick,Nucleus
bug-1202-previousImg,Nucleus
bug-1202-saveC,Nucleus
bug-1205-onBackPressed,Nucleus
bug-1207-show,Cluster
bug-1213-PasswordEntryDialog,Nucleus
bug-1213-onBindDialogView,Nucleus
bug-1213-setupForPasswordInput,Nucleus
bug-1213-setupForPinInput,Nucleus
bug-1213-updateLayout,Cluster
bug-1214-onCreateView,Nucleus
bug-1215-afterTextChanged,Nucleus
bug-130-canGoForward,Nucleus
bug-130-flashWarning,Nucleus
bug-130-hideWarning,Nucleus
bug-130-onItemSelected,Nucleus
bug-130-updateEncryptionType,Nucleus
bug-1441-verifyUserInput,Nucleus
bug-1446-goToManageFishingSpot,Nucleus
bug-1446-onClick,Nucleus
bug-1446-onCreateView,Nucleus
bug-1446-updateAllFishingSpots,Nucleus
bug-18-onClick-RoutineCreateOrEditFragment,Nucleus
bug-18-onClick-ScheduleTimetableFragment,Nucleus
bug-18-showIntervalPickerDialog,Nucleus
bug-18-showRecurrencePickerDialog,Nucleus
bug-18-showStockDialog,Nucleus
bug-18-updatePeriodSelector,Cluster
bug-191-insertTower,Nucleus
bug-191-onTouch,Nucleus
bug-192-onResume,Nucleus
bug-192-onSaveInstanceState,Nucleus
bug-192-onViewCreated,Nucleus
bug-271-refresh,Nucleus
bug-275-isPolicyRespected,Nucleus
bug-275-onCreateView,Nucleus
bug-275-onUserIllegallyRequestedNextPage,Nucleus
bug-275-showSetPasswordDialog,Cluster
bug-44-removeTag,Nucleus
bug-71-doAction,Nucleus
bug-71-onSingleTapConfirmed,Nucleus
bug-71-onSingleTapUp,Nucleus
gpslogger-real-1138-handleIntent,Nucleus
gpslogger-real-1138-writeToFile,Nucleus
harmonic-real-114-onClick,Nucleus
harmonic-real-114-onItemClick,Nucleus
harmonic-real-136-handleOnBackPressed,Nucleus
harmonic-real-171-showTextSelection,Nucleus
harmonic-real-181-loadAlgolia,Nucleus
harmonic-real-181-loadStory,Nucleus
markor-53-real-makeDialog,Cluster
markor-54-real-isEditorHistoryEnabled,Cluster
pslab-real-2587-doInBackground,Nucleus
pslab-real-2677-onProgressChanged1,Nucleus
pslab-real-2677-onProgressChanged2,Nucleus
pslab-real-2677-onProgressChanged3,Nucleus
pslab-real-2677-onProgressChanged4,Nucleus
pslab-real-2677-processDegreeInput,Cluster
pslab-real-2678-processDegreeInput,Cluster
realbug-1146-setStarted,Nucleus
realbug-1146-updateFilterView,Nucleus
realbug-129-show,Cluster
realbug-1299-onItemClick,Nucleus
realbug-1445-tripExists,Nucleus
realbug-1563-loadDirectory,Nucleus
realbug-1568-addCreateZipToMenu,Nucleus
realbug-1568-clearFileOpCache,Nucleus
realbug-1568-finishFileOperation,Nucleus
realbug-159-updateMultiselectMenu,Nucleus
realbug-160-onCreateOptionsMenu,Nucleus
realbug-1640-onCreate-ExerciseViewActivity,Nucleus
realbug-1640-onCreate-InfoActivity,Nucleus
realbug-1641-addScheduleToModel,Cluster
realbug-1641-onCreate,Nucleus
realbug-1641-onStart,Nucleus
realbug-1645-generateExcercise,Nucleus
realbug-8-setRunningActionMode,Nucleus
skytube-real-1255-getChannelUrl,Nucleus
ultrasonic-84-real-getPreferences,Nucleus
urlcheck-real-358-onDisplayUrl,Cluster
urlcheck-real-365-getQueryName,Nucleus
urlcheck-real-365-getQueryValue,Nucleus
urlcheck-real-382-onDisplayUrl,Cluster
urlcheck-real-447-buildBuiltIn,Nucleus
