slug,Bug ID,GitHub Issue,App Name,Buggy Commit IDs,Fixed Commit IDs,Links,GH_repo,Categories,,Ui related? (with def 1),Ui related comments,Ui related? (with def 2),,,Verified-Junayed
realbug-8,#8,NPE on create payment,TrickyTripper,7ef227ada3454529c7def79e41f48f6fa7b7463c,f56d67621ac098be107a17b1ddae799545a9f156,https://github.com/koelleChristian/trickytripper/issues/42,https://github.com/koelleChristian/trickytripper/,Crash,,No,Crash,Yes,,,Crash
realbug-129,#129,App crashes if incorrect secret is entered,andOTP,b8b9834f06cf28686be5874923607f677b094df6,57ab645314f6d760beb3eb9bbd9cca5b7517a0e4,https://github.com/andOTP/andOTP/issues/500,https://github.com/andOTP/andOTP/,Crash,,No,Crash,No,,,Crash
realbug-159,#159,"Crash in Card Browser, the multi-select mode: Edit => change the card type",Anki-Android,2948dfbb88bf535a6099245dfd5bc1432f9c8914,f5d3801223840eedb449a9bca7d0f3c124372afe,https://github.com/ankidroid/Anki-Android/issues/6432,https://github.com/ankidroid/Anki-Android/,Crash,,No,Crash,Yes,,,Crash
realbug-160,#160,Problem with the eraser tab,Anki-Android,abd1db25de96a2f11fb08291e56aa6728bd7de61,3f0a7da9a64da7f2412aafefab86d74425c886cc,https://github.com/ankidroid/Anki-Android/issues/6119,https://github.com/ankidroid/Anki-Android/,Cosmetic,,Yes,Ui component is not displayed properly,Yes,,,Cosmetic
realbug-1146,#1146,Stopping GNSS should clear filter text,gpstest,10d9b669a82be62567800864398a28bb4be95859,dbb06acd3edde0d0411e12f7c8c113fe7ee59304,https://github.com/barbeau/gpstest/issues/434,https://github.com/barbeau/gpstest/,Output,,Yes,Ui component is not displayed properly,Yes,,,Output
realbug-1299,#1299,[BUG] Crashes in Collect after importing field_sample.csv,FieldBook,68912f28ed6408d65198fecbb80e16e75d1c3532,abc1dd6b21192380c60fac8cf507f1b82021ffea,https://github.com/PhenoApps/Field-Book/issues/146,https://github.com/PhenoApps/Field-Book/,Crash,,No,Logic issue,No,,,Crash
realbug-1445,#1445,Can't edit dates for a Trip,Anglerslog,9cd2aa4cddf2cb3e26b13fb86c50d225bff70205,78e27e429d4d62a22b80d9f4e7c90a1082f72b91,https://github.com/cohenadair/anglers-log/issues/347,https://github.com/cohenadair/anglers-log/,Output,,No,Logic issue,No,,,Output
realbug-1563,#1563,Keep scroll position when adding files to op context/reloading current directory,lrkFM,e3cb48fb65ed6366f9205871afa83b65ac0664b7,2a2c67c9112b995acba16f6d805f9b9d8b715d51,https://github.com/lfuelling/lrkFM/issues/26,https://github.com/lfuelling/lrkFM/,Cosmetic,,Yes,Ui component not working properly,Yes,,,Cosmetic
realbug-1568,#1568,Crash when using the checkboxes,lrkFM,bd4a73e0b7e97f9857722fbb76e14029811af565,2449153f422f916320c075eb8dbeed9927ce160f,https://github.com/lfuelling/lrkFM/issues/44,https://github.com/lfuelling/lrkFM/,Crash,,No,Crash,Yes,,,Crash
realbug-1640,#1640,License on Infopage,TrainerApp,3c223d78b0d5650400314d5919f24cbf09976076,05f904d9efef0feae8fae12370d925b30970405a,https://github.com/TheMHMoritz3/Trainer-App/issues/1,https://github.com/TheMHMoritz3/Trainer-App/,Cosmetic,,Yes,Ui component not displayed properly,Yes,,,Cosmetic
realbug-1641,#1641,No Compliance of the Trainings Type Slider,TrainerApp,071e37baad75d5529d21984f6a794413ef5abff4,a8b65ab2d52c30c487fd01841ed1ed2d7a86a40d,https://github.com/TheMHMoritz3/Trainer-App/issues/25,https://github.com/TheMHMoritz3/Trainer-App/,Output,,No,Logic issue,No,,,Output
realbug-1645,#1645,Crash in Add Exercise Dialog,TrainerApp,9ca910f2e8a131226daae46dff427c4d742a2032,f804c7399e3b190714df9633c0184b92b6f6afec,https://github.com/TheMHMoritz3/Trainer-App/issues/7,https://github.com/TheMHMoritz3/Trainer-App/,Crash,,No,Crash,Yes,,,Crash