slug,Bug ID,GitHub Link,GH_repo,App Name,Buggy Commit IDs,Fixed Commit IDs,Checked,Comments,Bug Types A1,Bug Types A2,Agreement,Final category,
bug-18,#18,https://github.com/citiususc/calendula/issues/134,https://github.com/citiususc/calendula/,calendula,6f0dcf6070cd132eba51824ebbfa743eb22b0568,ca4d7b6c9d24bfc99adefab2060edadf06d4e7c7,1,,crash,Crash,,crash,crash: 4
bug-44,#44,https://github.com/federicoiosue/Omni-Notes/issues/634,https://github.com/federicoiosue/Omni-Notes/,Omni-Notes,8d09f7ab504d520f9c456c2a12a5aa0067be0d90,77942a94c83ca53e06ef29f841def12e5fa5633f,1,,output,Output,,output,output: 10
bug-71,#71,https://github.com/Neamar/KISS/issues/1481,https://github.com/Neamar/KISS/,KISS,3102b83a3c6208f7ba36a235d71254f1c8c8a9ff,d790b7a696f929aed185e9bfa62da7e6865be07a,1,,navigation,Output,0,output,cosmetic: 2
bug-130,#130,https://github.com/andOTP/andOTP/issues/486,https://github.com/andOTP/andOTP/,andOTP,7c34318c407c4677d3afdf27bdeb998244759720,6a8511a26f0e1df371d1d247d064fefdc6c884e3,1,,output,Cosmetic,0,cosmetic,navigation: 3
bug-191,#191,https://github.com/reloZid/android-anuto/issues/68,https://github.com/reloZid/android-anuto/,android-anuto,6e925f1e60796c2f1623a1514e9d9192ab3bfd1e,a6fc9f9d531a6ee4f301eab486d3fd1537efa5d8,1,,output,Output,,output,
bug-192,#192,https://github.com/gsantner/markor/issues/162,https://github.com/gsantner/markor/,markor,7214fc661e79f0a9cb18344a2be14d169f212889,1b824003f26ddeb76b4a5d488759fd2fbda18a07,1,,navigation,Output,0,cosmetic,
bug-271,#271,https://github.com/beemdevelopment/Aegis/issues/500,https://github.com/beemdevelopment/Aegis/,Aegis,6e54497492cf0b8329f423bae5e1879b2ede4fd9,4ef8d9e82675b497627068564f2e6325bad6aa04,1,,crash,Crash,,crash,
bug-275,#275,https://github.com/beemdevelopment/Aegis/issues/415,https://github.com/beemdevelopment/Aegis/,Aegis,dbedc9d1d3e32ad23e81fff8ba79e261f03f922d,3d51b841886f635aa7718fd32c5447a5c09bf24f,1,test cases are written as bug 274,navigation,Output,0,navigation,
bug-1130,#1130,https://github.com/AntennaPod/AntennaPod/issues/3084,https://github.com/AntennaPod/AntennaPod/,AntennaPod,d26d2126072654ba95f31f2bb638479bc2f199c4,31194e02a5c7b4ddea37dcbc5ce48cbef5f6e8dc,1,,output,Output,,output,
bug-1151,#1151,https://github.com/barbeau/gpstest/issues/127,https://github.com/barbeau/gpstest/,gpstest,70da4875accda4fcb29b5012f5b0c626e3858f03,a5dc174c3e652b516134fc284c8166713d09f19e,1,,navigation,Navigation,,navigation,
bug-1198,#1198,https://github.com/Swati4star/Images-to-PDF/issues/158,https://github.com/Swati4star/Images-to-PDF/,Images-to-PDF,e5ec9ddbf335cffb226f4d82fac4f48b6c756667,f724326e0d9b141847ac5744fb29788789c8f227,1,"Delete PDF files before running (will cause faulty pass). The location is always the same I believe, just need to find it in files",output,Output,,output,
bug-1202,#1202,https://github.com/Swati4star/Images-to-PDF/issues/384,https://github.com/Swati4star/Images-to-PDF/,Images-to-PDF,268b8ea49187f008e8e901dada684f2f057e4728,d4c56effe7a6a8e827aa540a36b08564149d8b10,1,,output,Output,,output,
bug-1205,#1205,https://github.com/Swati4star/Images-to-PDF/issues/602,https://github.com/Swati4star/Images-to-PDF/,Images-to-PDF,e81f8075d2616e24489ae64233f90a07409c2ddb,3c254a78e67b0868ff864e32f5a85215f104ef11,1,Delete PDF files before running (will cause faulty pass),navigation,Navigation,,navigation,
bug-1207,#1207,https://github.com/andOTP/andOTP/issues/135,https://github.com/andOTP/andOTP/,andOTP,9d4cde29461cbdcf89be83ca2e7f690d955a430c,1b4a51f3e474e150575e2c9e62ecc6e3bfa6980c,1,,crash,Crash,,crash,
bug-1213,#1213,https://github.com/andOTP/andOTP/issues/638,https://github.com/andOTP/andOTP/,andOTP,b8d36c337fcdee102de2a8f8b9917dda2a345d96,0ea8ef6a27a1dc0f1e99d477dec7dad148720256,1,,cosmetic,Output,0,output,
bug-1214,#1214,https://github.com/andOTP/andOTP/issues/580,https://github.com/andOTP/andOTP/,andOTP,30b0b5747e728b9515ac36ca9c471c824854aaf1,8dc46efaf9184b783af331ee6c99a7b48698cfa4,1,,cosmetic,Output,0,output,
bug-1215,#1215,https://github.com/andOTP/andOTP/issues/569,https://github.com/andOTP/andOTP/,andOTP,30b0b5747e728b9515ac36ca9c471c824854aaf1,7c283980ff5040171494bd9c5299ca2bc717f02b,1,,crash,Crash,,crash,
bug-1441,#1441,https://github.com/cohenadair/anglers-log/issues/151,https://github.com/cohenadair/anglers-log/,anglers-log,19533124000a54b0c3817a5228db77927b1da723,c663d350dd280a2f4fa4138dc9459c014dcdb099,1,,output,Output,,output,
bug-1446,#1446,https://github.com/cohenadair/anglers-log/issues/43,https://github.com/cohenadair/anglers-log/,anglers-log,ca5fd83c890ddf1ffb68bd4ea354ddf98a7669eb,1ca86738d351b9798e083ae25c46d7cce8cc1503,1,,output,Output,,output,