slug,Bug ID,GitHub Issue,App Name,Buggy Commit IDs,Fixed Commit IDs,Links,GH_repo,JSON File,YAML file,Log File,Report,Buggy,Fixed,APK,Verified-Junayed,Categories,Author 2,Final,UI related(with def 1),UI related comments,UI related(with def 2)
harmonic-real-181,#181,Filter's don't work properly,Harmonic HN,2e9532077fb82cb7c320bd128c68f546e81a79da,027e725d00ebd4e9bff33819d744a2a9d7d09af7,https://github.com/SimonHalvdansson/Harmonic-HN/issues/181,https://github.com/SimonHalvdansson/Harmonic-HN/,Completed,Completed,Completed,Completed,Completed,Completed,Completed,Done,Output,Output,Output,No,Logic was wrong with backend,No
harmonic-real-171,#171,Links truncated in select text view,Harmonic HN,2e9532077fb82cb7c320bd128c68f546e81a79da,d2a1746009d21db98e458ae8d86c4725f3a340c4,https://github.com/SimonHalvdansson/Harmonic-HN/issues/171,https://github.com/SimonHalvdansson/Harmonic-HN/,Completed,Completed,Completed,Completed,Completed,Completed,Completed,Done,Output,Cosmetic,Cosmetic,Yes,Cosmetic; displayed wrong info,Yes
harmonic-real-136,#136,Discard and cancel button switched,Harmonic HN,4e4ea5cf30b420321d58f2db58aa608b0d83555c,ff3272c1c208a1c728949f915cd5c4c33b40995c,https://github.com/SimonHalvdansson/Harmonic-HN/issues/136,https://github.com/SimonHalvdansson/Harmonic-HN/,Completed,Completed,Completed,Completed,Completed,Completed,Completed,Done,Cosmetic,Cosmetic,Cosmetic,Yes,Cosmetic; displayed info in the wrong place,Yes
harmonic-real-114,#114,Long-tapping URL (to open comment menu) also opens the URL,Harmonic HN,6ebd0fea50e12cc1b5b56ca93bbe4898cfa4f4fa,6005e37f48fe20c12227235a5f212e0cc378e5d9,https://github.com/SimonHalvdansson/Harmonic-HN/issues/114,https://github.com/SimonHalvdansson/Harmonic-HN/,Completed,Completed,Completed,Completed,Completed,Completed,Completed,Done,Output,Output,Output,Yes,"Event handler issue, should not open browser",Yes
urlcheck-real-447,#447,Default regex in JSON Editor needs double backslash for dots,URLCheck,ddfc6403b24e7d80c7abe0f60a357f52d6329917,037c9dba96b7245f2286f9acb581213e9f7de882,https://github.com/TrianguloY/URLCheck/issues/447,https://github.com/TrianguloY/URLCheck/,Completed,Completed,Completed,Completed,Completed,Completed,Completed,Done,Output,Output,Output,No,Ui information is correct and performs the correct operation.,No
urlcheck-real-382,#382,Uri parts issues with %26,URLCheck,381f598293a331f124fafa10e1d4d31d5df015d0,fbb0a7d1c591f86ebb4d9a9e11443e9f211b723d,https://github.com/TrianguloY/URLCheck/issues/382,https://github.com/TrianguloY/URLCheck/,Completed,Completed,Completed,Completed,Completed,Completed,Completed,Done,Output,Output,Output,No,Logic was wrong,No
urlcheck-real-365,#365,Queries remover crashes on empty query,URLCheck,988073b4d11ff86d951be098fb4e46cecfa8fd90,d51653af0d22935561f9f838cc8d6077b02b464a,https://github.com/TrianguloY/URLCheck/issues/365,https://github.com/TrianguloY/URLCheck/,Completed,Completed,Completed,Completed,Completed,Completed,Completed,Done,Crash,Crash,Crash,No,Crash occured because of not handling edge cases in logic,No
urlcheck-real-358,#358,URL encoding problem with the Uri Parts module,URLCheck,33698f59ec491b4da41fcb1d9e5510cef5159b85,6511a15777228dabcb9160de9ad94a9b9c9fb879,https://github.com/TrianguloY/URLCheck/issues/358,https://github.com/TrianguloY/URLCheck/,Completed,Completed,Completed,Completed,Completed,Completed,Completed,Done,Output,Output,Output,No,Incorrect logic,No
skytube-real-1255,#1255,"Latest version ""Sharing"" no longer works",SkyTube,59c27f33b5e7fb5e084f966a20e7f9ab5e020834,5d6785e7cd6b8abc461b2b14a7c1f3a21fa32e8b,https://github.com/SkyTubeTeam/SkyTube/issues/1255,https://github.com/SkyTubeTeam/SkyTube/,,,,,,,,Done,Output,Output,Output,No,Logic issue,No
pslab-real-2678,#2678,Robotic Arm: wrong value may be used to set value if user enters blank value,PSLab,25537ee05ad67ba40eab587cc066fc114bc2c99f,3f8f49ee9bb09a6a6543ec593556fbd648b4545a,https://github.com/fossasia/pslab-android/issues/2678,https://github.com/fossasia/pslab-android/,Completed,Completed,Completed,Completed,Completed,Completed,Completed,Done,Output,Output,Output,No,Error with cache,No
pslab-real-2677,#2677,Robotic Arm: rounding error when entering values with keyboard,PSLab,25537ee05ad67ba40eab587cc066fc114bc2c99f,3f8f49ee9bb09a6a6543ec593556fbd648b4545a,https://github.com/fossasia/pslab-android/issues/2677,https://github.com/fossasia/pslab-android/,Completed,Completed,Completed,Completed,Completed,Completed,Completed,Done,Output,Output,Output,No,Error with rounding,No
pslab-real-2587,#2587,App crashes if unknown host is entered,PSLab,c6b95f2c65d8d24f19af541bdb96c4a426d27059,640da48a8b574687eab9cd312dcbac380f84bbb2,https://github.com/fossasia/pslab-app/issues/2587,https://github.com/fossasia/pslab-android/,,,,,,,,Done,Crash,Crash,Crash,No,Edge case not handled,No
gpslogger-real-1138,#1138,"GPSLogger doesn't notify the user when it can't write to files, leading to data loss",gpslogger,8561aa870ad1e56c5cabc32cb3aec66c2bc1ec1c,708b60bbd0f73c8c2184e16d371b1e4ddec63e11,https://github.com/mendhak/gpslogger/issues/1138,https://github.com/mendhak/gpslogger/,Completed,Completed,Completed,Completed,Completed,Completed,Completed,Done,Output,Output,Output,Yes,No notification given,Yes