slug,Bug ID,BugID1,GitHub Issue,App Name,Buggy Commit IDs,Fixed Commit IDs,Links,GH_repo,Jingjing's comment,,JSON File,YAML file,Log File,Report,Buggy,Fixed,APK,Verified-Junayed,Categories,Author 2,Final,UI related(with def 1),UI related comments,UI related(with def 2),Bug Types A1,Bug Types A2,agreement,final category
Markor-53,#53,53,New file does not remember previous type selection,Markor,73c73f21ffecbdec2d35bae8e0472980572af8e5,fdbb78056f9a80f1623bf17a2942c741f3ba6f07,https://github.com/gsantner/markor/issues/1020,https://github.com/gsantner/markor/,reproduced,default: Pixel_2_API_28_Android-9,,,,,,,,,,,,,,,output,Cosmetic,0,cosmetic
Markor-54,#54,54,Save button does not save new file,Markor,1a5478a490eb569551f4e30f2d668e28a9f95559,6eab51bb930dff6a04c97d96a52bfa692d608f34,https://github.com/gsantner/markor/issues/331,https://github.com/gsantner/markor/,reproduced,default: Pixel_2_API_28_Android-9,,,,,,,,,,,,,,,navigation,Output,0,output
ultrasonic-84,#84,84,connect to localhost even with a valid Airsonic server URL,ultrasonic,95496eb1200e892600b60d5048248e893b339af3,68cb1af02bb9431ae86f131e3029506edb691256,https://github.com/ultrasonic/ultrasonic/issues/187 ,https://github.com/ultrasonic/ultrasonic/,reproduced,default: Pixel_2_API_28_Android-9,,,,,,,,,,,,,,,output,Output,,output
WiFiAnalyzer-92,#92,92,vendor search should not be case sensitive,WiFiAnalyzer,cffde47fb60e1f030e0ba1665813af91ca057976,e5233baed417215aca3cba9bb066fa056d3bda1e,https://github.com/VREMSoftwareDevelopment/WiFiAnalyzer/issues/222 ,https://github.com/VREMSoftwareDevelopment/WiFiAnalyzer/,reproduced,default: Pixel_2_API_28_Android-9,,,,,,,,,,,,,,,output,Output,,output
android-noad-music-player-11,#11,11,,android-noad-music-player,d3ab226c2d0e67b597a4d2cde1d652ceff6c1f52,2f8eba42bf765d450b9ddbf903a03d8ad9256002,https://github.com/gauravjot/android-noad-music-player/issues/1,https://github.com/gauravjot/android-noad-music-player/,works fine on default: Pixel_2_API_28_Android-9,,,,,,,,,,,,,,,,,,,
"ATimeTracker	-21",#21,21,Long press on a task does not show the task menu,"ATimeTracker	",394ccfc0c04223a263411e8af4487458e848d319,efc9c7e43ab23dc0c40d1b1c20595d5841a644e0,https://github.com/netmackan/ATimeTracker/issues/121,https://github.com/netmackan/ATimeTracker/,"reproduced: changed xml files, no java code change",,,,,,,,,,,,,,,,,,,
WiFiAnalyzer-91,#91,91,Can no longer enter text in SSID Filter TextView,WiFiAnalyzer,b5433c0e9a7e86f234915d409abe2d46c62363bb,858123c3ae8862959189868a1eaa3c56d14cc8b9,https://github.com/VREMSoftwareDevelopment/WiFiAnalyzer/issues/191,https://github.com/VREMSoftwareDevelopment/WiFiAnalyzer/,reproduced after chaning emulator version,Pixel_2_API_25_Android-7-1-1,,,,,,,,,,,,,,,,,,
kiwix-android-139,#139,139,Bottom Toolbar hide text in Help screen ,kiwix-android,6d6dbf8d866b791fb32bf645142d608998f1d647,f408e81302dd665e3aa7479c49c06037dfe9cfef,https://github.com/kiwix/kiwix-android/issues/555,https://github.com/kiwix/kiwix-android/,missing dependencies,,,,,,,,,,,,,,,,,,,
qksms-142,#142,142,Notification Setting not saved when Sound set to none,qksms,1da46c29616363161dd89fdfb5572cd7327793a8,b05e9b051885a3260dca3ae38ed302ccc608b1df,https://github.com/moezbhatti/qksms/issues/1124,https://github.com/moezbhatti/qksms/,realm-annotations/4.3.1 N/A,,,,,,,,,,,,,,,,,,,
Aegis-152,#152,152,Language setting doesn't work,Aegis,10c206270a567052acd13f48e484332bb02e3a05,025c89d78c5b525db707a53ef49ff574cb41f879,https://github.com/beemdevelopment/Aegis/issues/287,https://github.com/beemdevelopment/Aegis/,"not reproduced: works correctly, no bugs",,,,,,,,,,,,,,,,,,,
Aegis-155,#155,155,Localization not included,Aegis,6e54497492cf0b8329f423bae5e1879b2ede4fd9,9e4313e138b02b59819572628fc7c65361240ba7,https://github.com/beemdevelopment/Aegis/issues/473,https://github.com/beemdevelopment/Aegis/,"reproduced: no specific fix version, 109 files changed",,,,,,,,,,,,,,,,,,,
Anki-Android-157,#157,157,"Can't use ""<"" and "">"" symbols in flashcards",Anki-Android,,,https://github.com/ankidroid/Anki-Android/issues/5753,https://github.com/ankidroid/Anki-Android/,no fix,,,,,,,,,,,,,,,,,,,
thunderbird-android-164,#164,164,App Closes On Pressing Back Button In Manual Setup,thunderbird-android,,,https://github.com/thunderbird/thunderbird-android/issues/3971,https://github.com/thunderbird/thunderbird-android/,include changed kotlin code files,,,,,,,,,,,,,,,,,,,
focus-android-205,#205,205,Erase & open when in settings does not work,focus-android,,,https://github.com/mozilla-mobile/focus-android/issues/4102,https://github.com/mozilla-mobile/focus-android/,"no specific fix, duplicate issue",,,,,,,,,,,,,,,,,,,
qksms-250,#250,250,Impossible to disable favorite contacts,qksms,,,https://github.com/moezbhatti/qksms/issues/612,https://github.com/moezbhatti/qksms/,missing dependencies,,,,,,,,,,,,,,,,,,,
focus-android-266,#266,266,Backspace in URL search bar skips last character if URL autocomplete present,focus-android,206a8efb15ede878aa081af3c44b534d71338581,e58c544d16c36200dbbcde9d132cce1e7dae3d8a,https://github.com/mozilla-mobile/focus-android/issues/3892,https://github.com/mozilla-mobile/focus-android/,missing dependencies,,,,,,,,,,,,,,,,,,,
Anki-Android-273,#273,273,"Screen rotate while Previewing, returns to the first card again ",Anki-Android,e2fabb21264d092b6e37cef4b8c2f765f586247d,6353417ec7cc8fab27b4356095bd8b88b6e9b130,https://github.com/ankidroid/Anki-Android/issues/5688,https://github.com/ankidroid/Anki-Android/,reproduced,default: Pixel_2_API_28_Android-9,,,,,,,,,,,,,,,navigation,Navigation,,navigation
Anki-Android-1033,#1033,1033,"""%"" are duplicated in ""Deck options""",Anki-Android,c93073fd41e00ad470d0d599518c7bdb1b98c000,d7c248ae30078e3b7b4bf29bad922d2dbba422a1,https://github.com/ankidroid/Anki-Android/issues/4801,https://github.com/ankidroid/Anki-Android/,"reproduced: changed xml file, no java code change",,,,,,,,,,,,,,,,,,,
gpstest-1149,#1149,1149,"Update Help for Status to say ""estimated"" horizontal/vertical accuracy",gpstest,,ba318adfab277adb759e8ded94bfd1ee3b457930,https://github.com/barbeau/gpstest/issues/330,https://github.com/barbeau/gpstest/,"changed xml file, no java code change",,,,,,,,,,,,,,,,,,,
gpstest-1152,#1152,1152,Help text is cut off,gpstest,,110bb821fde454c7c0d61175bb89f1edc985e37b,https://github.com/barbeau/gpstest/issues/133,https://github.com/barbeau/gpstest/,"changed xml file, no java code change",,,,,,,,,,,,,,,,,,,
punti-burraco-1344,#1344,1344,Losing EditTexts' content when Changing Configuration,punti-burraco,df6343b2bf17892fde5c2c897b61884c72404d10,532602c7aa5e164925384ddfe51007c25185f792,https://github.com/marco97pa/punti-burraco/issues/51,https://github.com/marco97pa/punti-burraco/,need firebase api,,,,,,,,,,,,,,,,,,,
lrkFM-1566,#1566,1566,Set preferences according to current value when opening Settings,lrkFM,,,https://github.com/lfuelling/lrkFM/issues/29,https://github.com/lfuelling/lrkFM/,no specific fix,,,,,,,,,,,,,,,,,,,
lrkFM-1567,#1567,1567,Unable to move file ,lrkFM,,cf722dc651252dd084f89822a689d2c292073844,https://github.com/lfuelling/lrkFM/issues/34 ,https://github.com/lfuelling/lrkFM/,"many files changed, cannot target the fix",,,,,,,,,,,,,,,,,,,
Anki-Android-123444,#123444,123444,Editing cards in preview mode modifies previewed cards,Anki-Android,9fb1c9c8d338790e4c1dbd6433f1538defe51b95,cce056d89cb1cc4176faf3a4b4be5f9bd8c31283,https://github.com/ankidroid/Anki-Android/issues/7801,https://github.com/ankidroid/Anki-Android/,"not reproduced: works correctly, no bugs",Pixel_2_API_28_Android-9,,,,,,,,,,,,,,,,,,
Anki-Android-123445,#123445,123445,"In languages other than English, the latter half of the gesture-triggered action menu causes malfunction",Anki-Android,,c49402eea292842cc037b44c587f855153604486,https://github.com/ankidroid/Anki-Android/issues/7793,https://github.com/ankidroid/Anki-Android/,"changed xml files, no java code change",,,,,,,,,,,,,,,,,,,
Anki-Android-123449,#123449,123449,,Anki-Android,,,https://github.com/ankidroid/Anki-Android/issues/7758,https://github.com/ankidroid/Anki-Android/,"changed xml files, no java code change",,,,,,,,,,,,,,,,,,,
Anki-Android-123451,#123451,123451,"Deck Picker: ""rename custom study"" message obscured ",Anki-Android,2c79e41214a1ff9a87f9e78ec4e29933d3168514,5d946894e1e0237cac91313967528947e83c34a8,https://github.com/ankidroid/Anki-Android/issues/7680,https://github.com/ankidroid/Anki-Android/,reproduced,default: Pixel_2_API_28_Android-9,,,,,,,,,,,,,,,cosmetic,Cosmetic,,cosmetic
Anki-Android-123452,#123452,123452,"The ""Rename note type"" string is used when renaming a field",Anki-Android,d85a08881b16363410af7aac1e41095e3ba28fa6,13434fb84de35c88fb30fb8752f0622f6ec23b3b,https://github.com/ankidroid/Anki-Android/issues/7695,https://github.com/ankidroid/Anki-Android/,reproduced,default: Pixel_2_API_28_Android-9,,,,,,,,,,,,,,,,,,
Anki-Android-123453,#123453,123453,Browser - Reposition: does not update cards or add undo,Anki-Android,edaf2fd53acd72af3596c75b813fbb0ca9367fc4,ebba0a01b1f2a8b0e6996539f1d0daac0470c201,https://github.com/ankidroid/Anki-Android/issues/7674,https://github.com/ankidroid/Anki-Android/,,,"  1. Open Card Browser                                                                                                                      
  2. Long-press a card to enter multi-select mode (you should see checkboxes appear)
  3. Select one or more cards                                                                                                               
  4. Tap the 3-dot overflow menu (top right) — you should now see:
    - Reposition (only works on New cards)
    - Reschedule
    - Reset",,,,,,,,,,,,,,,,,
Anki-Android-123454,#123454,123454,Card Browser: Can't browse certain decks containing brackets and stars ,Anki-Android,cfa9e854719ac72d40728d62c439bab71d425d72,829122c12a1a1c7ab8b46551d436775381b1ba6e,https://github.com/ankidroid/Anki-Android/issues/6288 ,https://github.com/ankidroid/Anki-Android/,,,,,,,,,,,,,,,,,,,,