bug_id,hunk_count,pair_count,avg_lexical,avg_ast,avg_file,avg_divergence
bug-1130,2,1,0.5077,0.0,0.0,0.0
bug-1138,2,1,0.7043,0.6085,0.0,0.2971
bug-114,2,1,0.9783,0.0,0.0,0.0
bug-1146,2,1,0.9795,0.7103,0.0,0.4823
bug-1151,3,3,0.966,0.666667,0.166667,0.3623
bug-1198,2,1,0.9957,0.524,0.0,0.3617
bug-1202,4,6,0.742483,0.447633,0.0,0.4422
bug-1207,2,1,0.9999,0.7236,0.0,0.5015
bug-1213,6,15,0.494127,0.769573,0.2,0.3455
bug-129,2,1,0.3393,0.5759,0.0,0.1354
bug-130,5,10,0.96024,0.39877,0.0,0.62
bug-1446,4,6,1.0,0.0,0.0,0.0
bug-1568,3,3,0.888667,0.2206,0.0,0.2247
bug-1640,2,1,0.1866,0.0,0.0,0.0
bug-1641,4,6,1.0,0.0,0.0,0.0
bug-18,7,21,0.344357,0.522095,0.051943,0.3153
bug-181,2,1,0.5815,0.6415,0.0,0.2586
bug-191,2,1,0.9369,0.0,0.0,0.0
bug-192,3,3,0.8465,0.419133,0.0,0.3907
bug-2677,6,15,0.589453,0.426887,0.0,0.5236
bug-2678,2,1,0.9066,0.5349,0.0,0.3362
bug-273,6,15,0.641293,0.174027,0.0,0.1873
bug-275,6,15,0.844207,0.734587,0.16,0.7551
bug-358,3,3,0.753367,0.536167,0.0,0.4168
bug-365,2,1,0.7875,0.5377,0.0,0.2935
bug-382,3,3,0.991167,0.543767,0.0,0.5919
bug-53,3,3,0.878067,0.484333,0.0,0.4588
bug-54,3,3,0.948367,0.525167,0.0,0.5465
bug-71,3,3,0.646133,0.503967,0.0,0.3982
bug-92,3,3,0.0,0.0,0.0,0.0
