bug_id,hunk_i,hunk_j,lexical_distance,ast_distance,package_distance,pair_divergence
Anki-Android-273-real-onCollectionLoaded,0,1,0.9265,0.3263,0.0000,0.3023
Anki-Android-273-real-onCollectionLoaded,0,2,0.5497,0.3263,0.0000,0.1793
Anki-Android-273-real-onCollectionLoaded,1,2,0.9282,0.0000,0.0000,0.0000
Anki-Android-273-real-onCreate,0,1,0.9265,0.3263,0.0000,0.3023
Anki-Android-273-real-onCreate,0,2,0.5497,0.3263,0.0000,0.1793
Anki-Android-273-real-onCreate,1,2,0.9282,0.0000,0.0000,0.0000
bug-1198-onClick-ViewFilesAdapter,0,1,0.9957,0.5240,0.0000,0.5218
bug-1207-show,0,1,0.9999,0.7236,0.0000,0.7236
bug-1213-updateLayout,0,1,0.5552,0.5436,0.0000,0.3019
bug-18-updatePeriodSelector,0,1,0.0000,0.8560,0.0000,0.0000
bug-275-showSetPasswordDialog,0,1,0.9393,0.7890,0.0000,0.7411
bug-275-showSetPasswordDialog,0,2,0.8737,0.6783,0.0000,0.5926
bug-275-showSetPasswordDialog,1,2,0.8965,0.7733,0.0000,0.6933
markor-53-real-makeDialog,0,1,0.9917,0.3931,0.0000,0.3898
markor-53-real-makeDialog,0,2,0.9917,0.5081,0.0000,0.5039
markor-53-real-makeDialog,1,2,0.6508,0.5518,0.0000,0.3591
markor-54-real-isEditorHistoryEnabled,0,1,0.9813,0.5436,0.0000,0.5335
markor-54-real-isEditorHistoryEnabled,0,2,0.9813,0.4883,0.0000,0.4792
markor-54-real-isEditorHistoryEnabled,1,2,0.8825,0.5436,0.0000,0.4798
pslab-real-2677-processDegreeInput,0,1,0.9066,0.5349,0.0000,0.4850
pslab-real-2678-processDegreeInput,0,1,0.9066,0.5349,0.0000,0.4850
realbug-129-show,0,1,0.3393,0.5759,0.0000,0.1954
realbug-1641-addScheduleToModel,0,1,1.0000,0.0000,0.0000,0.0000
urlcheck-real-358-onDisplayUrl,0,1,0.9638,0.4780,0.0000,0.4606
urlcheck-real-358-onDisplayUrl,0,2,0.9638,0.4780,0.0000,0.4606
urlcheck-real-358-onDisplayUrl,1,2,0.3325,0.6525,0.0000,0.2170
urlcheck-real-382-onDisplayUrl,0,1,0.9800,0.5518,0.0000,0.5408
urlcheck-real-382-onDisplayUrl,0,2,1.0000,0.4564,0.0000,0.4564
urlcheck-real-382-onDisplayUrl,1,2,0.9935,0.6231,0.0000,0.6191
